{"autoencoder": {"latent_size": 45, "hidden_size": 123, "hidden_size2": 85, "batch_size": 48}, "dist_matrix": {"latent_size": 45, "p": 0.4000897538629371, "max_iterations": 25, "autowarp_batch_size": 10, "lr": 0.01372011749909776}, "risk_matrix": {"C": -0.6569622749120821}}