{"Linear": {"volatility": {"autoencoder": {"latent_size": 15, "hidden_size": 114, "batch_size": 40}, "dist_matrix": {"latent_size": 15, "p": 0.7640415518780019, "max_iterations": 50, "autowarp_batch_size": 36, "lr": 0.002098950457531377}, "risk_matrix": {"C": -0.4378036483524303}}, "sharpe": {"autoencoder": {"latent_size": 7, "hidden_size": 159, "batch_size": 44}, "dist_matrix": {"latent_size": 7, "p": 0.21612597785792562, "max_iterations": 50, "autowarp_batch_size": 44, "lr": 0.0056700875671776415}, "risk_matrix": {"C": -0.1354218647461608}}}, "CNN": {"volatility": {"autoencoder": {"latent_size": 12, "hidden_size": 45, "batch_size": 29}, "dist_matrix": {"latent_size": 12, "p": 0.30852768782989537, "max_iterations": 50, "autowarp_batch_size": 33, "lr": 0.0018231319690216134}, "risk_matrix": {"C": -0.5984489465747096}}, "sharpe": {"autoencoder": {"latent_size": 15, "hidden_size": 346, "batch_size": 44}, "dist_matrix": {"latent_size": 15, "p": 0.10080583765394434, "max_iterations": 50, "autowarp_batch_size": 24, "lr": 0.0064502130219492955}, "risk_matrix": {"C": -0.10169233265344206}}}, "Linear + CNN": {"volatility": {"autoencoder": {"latent_size": 19, "hidden_size": 416, "hidden_size2": 299, "batch_size": 46}, "dist_matrix": {"latent_size": 19, "p": 0.5158334451476114, "max_iterations": 50, "autowarp_batch_size": 33, "lr": 0.0012413425837144835}, "risk_matrix": {"C": -0.5402055594775501}}, "sharpe": {"autoencoder": {"latent_size": 9, "hidden_size": 382, "hidden_size2": 277, "batch_size": 18}, "dist_matrix": {"latent_size": 9, "p": 0.4395739251889993, "max_iterations": 50, "autowarp_batch_size": 35, "lr": 0.004758068572682517}, "risk_matrix": {"C": -0.13742549346598437}}}}