{"Linear": {"autoencoder": {"latent_size": 50, "hidden_size": 213, "batch_size": 30}, "dist_matrix": {"latent_size": 50, "p": 0.35262015212530967, "max_iterations": 25, "autowarp_batch_size": 46, "lr": 0.050050125565320534}, "risk_matrix": {"C": -0.5293486784323981}}, "CNN": {"autoencoder": {"latent_size": 29, "hidden_size": 30, "batch_size": 21}, "dist_matrix": {"latent_size": 29, "p": 0.44858258290462305, "max_iterations": 25, "autowarp_batch_size": 35, "lr": 0.07043441304111805}, "risk_matrix": {"C": -0.8694400438979115}}, "Linear + CNN": {"autoencoder": {"latent_size": 10, "hidden_size": 61, "hidden_size2": 20, "batch_size": 28}, "dist_matrix": {"latent_size": 10, "p": 0.4450710991013396, "max_iterations": 25, "autowarp_batch_size": 10, "lr": 0.005588617861977903}, "risk_matrix": {"C": -0.7626594407212774}}}