{"Linear": {"autoencoder": {"latent_size": 46, "hidden_size": 180, "batch_size": 12}, "dist_matrix": {"latent_size": 46, "p": 0.5492274557496779, "max_iterations": 50, "autowarp_batch_size": 47, "lr": 0.008088994019977293}, "risk_matrix": {"C": -0.4270243502768746}}, "CNN": {"autoencoder": {"latent_size": 44, "hidden_size": 130, "batch_size": 36}, "dist_matrix": {"latent_size": 44, "p": 0.7177010671835106, "max_iterations": 50, "autowarp_batch_size": 42, "lr": 0.004545270826984521}, "risk_matrix": {"C": -0.39844320067433975}}, "Linear + CNN": {"autoencoder": {"latent_size": 5, "hidden_size": 222, "hidden_size2": 150, "batch_size": 24}, "dist_matrix": {"latent_size": 5, "p": 0.5976189643036001, "max_iterations": 50, "autowarp_batch_size": 13, "lr": 0.008426185605867165}, "risk_matrix": {"C": -0.5068869013133704}}}