{"Linear": {"volatility": {"autoencoder": {"latent_size": 20, "hidden_size": 178, "batch_size": 17}, "dist_matrix": {"latent_size": 20, "p": 0.5719214519740818, "max_iterations": 50, "autowarp_batch_size": 20, "lr": 0.003128888607565003}, "risk_matrix": {"C": -0.1954564189096631}}, "sharpe": {"autoencoder": {"latent_size": 20, "hidden_size": 460, "batch_size": 33}, "dist_matrix": {"latent_size": 20, "p": 0.5171245654851474, "max_iterations": 50, "autowarp_batch_size": 18, "lr": 0.006560118189492811}, "risk_matrix": {"C": -0.13978566345510673}}}, "CNN": {"volatility": {"autoencoder": {"latent_size": 9, "hidden_size": 31, "batch_size": 36}, "dist_matrix": {"latent_size": 9, "p": 0.6342423393507881, "max_iterations": 50, "autowarp_batch_size": 37, "lr": 0.003551817140649622}, "risk_matrix": {"C": -0.5200713636725829}}, "sharpe": {"autoencoder": {"latent_size": 6, "hidden_size": 371, "batch_size": 44}, "dist_matrix": {"latent_size": 6, "p": 0.7481583917887832, "max_iterations": 50, "autowarp_batch_size": 36, "lr": 0.0059912758368181294}, "risk_matrix": {"C": -0.1681068902422495}}}, "Linear + CNN": {"volatility": {"autoencoder": {"latent_size": 10, "hidden_size": 312, "hidden_size2": 170, "batch_size": 13}, "dist_matrix": {"latent_size": 10, "p": 0.25649601740598127, "max_iterations": 50, "autowarp_batch_size": 31, "lr": 0.0026870919342762956}, "risk_matrix": {"C": -0.5233405892629003}}, "sharpe": {"autoencoder": {"latent_size": 18, "hidden_size": 500, "hidden_size2": 357, "batch_size": 50}, "dist_matrix": {"latent_size": 18, "p": 0.31259113324055565, "max_iterations": 50, "autowarp_batch_size": 12, "lr": 0.0070648585918512445}, "risk_matrix": {"C": -0.10448685705112809}}}}