{"Linear": {"volatility": {"autoencoder": {"latent_size": 11, "hidden_size": 215, "batch_size": 38}, "dist_matrix": {"latent_size": 11, "p": 0.7946121962838499, "max_iterations": 50, "autowarp_batch_size": 26, "lr": 0.006565368651300574}, "risk_matrix": {"C": -0.46817496342841564}}, "sharpe": {"autoencoder": {"latent_size": 5, "hidden_size": 5, "batch_size": 44}, "dist_matrix": {"latent_size": 5, "p": 0.7454540549114893, "max_iterations": 50, "autowarp_batch_size": 30, "lr": 0.009084393322152218}, "risk_matrix": {"C": -0.2893412722037517}}}, "CNN": {"volatility": {"autoencoder": {"latent_size": 18, "hidden_size": 255, "batch_size": 23}, "dist_matrix": {"latent_size": 18, "p": 0.8496555016530076, "max_iterations": 50, "autowarp_batch_size": 13, "lr": 0.009527377087969012}, "risk_matrix": {"C": -0.5996398020875355}}, "sharpe": {"autoencoder": {"latent_size": 17, "hidden_size": 153, "batch_size": 29}, "dist_matrix": {"latent_size": 17, "p": 0.6782783306116539, "max_iterations": 50, "autowarp_batch_size": 21, "lr": 0.0053616716177819265}, "risk_matrix": {"C": -0.17923777889965603}}}, "Linear + CNN": {"volatility": {"autoencoder": {"latent_size": 22, "hidden_size": 358, "hidden_size2": 326, "batch_size": 33}, "dist_matrix": {"latent_size": 22, "p": 0.10180620956838064, "max_iterations": 50, "autowarp_batch_size": 14, "lr": 0.006127128159565401}, "risk_matrix": {"C": -0.3339138525436817}}, "sharpe": {"autoencoder": {"latent_size": 14, "hidden_size": 399, "hidden_size2": 72, "batch_size": 44}, "dist_matrix": {"latent_size": 14, "p": 0.6424839648396785, "max_iterations": 50, "autowarp_batch_size": 12, "lr": 0.005354017656585086}, "risk_matrix": {"C": -0.16547559555650954}}}}