{"Linear": {"volatility": {"autoencoder": {"latent_size": 5, "hidden_size": 97, "batch_size": 49}, "dist_matrix": {"latent_size": 5, "p": 0.20068031863890784, "max_iterations": 50, "autowarp_batch_size": 23, "lr": 0.007558238766975922}, "risk_matrix": {"C": -0.556254756608644}}, "sharpe": {"autoencoder": {"latent_size": 17, "hidden_size": 486, "batch_size": 30}, "dist_matrix": {"latent_size": 17, "p": 0.369407921398946, "max_iterations": 50, "autowarp_batch_size": 10, "lr": 0.0023141210436021637}, "risk_matrix": {"C": -0.5263807764156}}}, "CNN": {"volatility": {"autoencoder": {"latent_size": 21, "hidden_size": 193, "batch_size": 13}, "dist_matrix": {"latent_size": 21, "p": 0.6756470886756216, "max_iterations": 50, "autowarp_batch_size": 22, "lr": 0.0041710608377839515}, "risk_matrix": {"C": -0.49212803907284997}}, "sharpe": {"autoencoder": {"latent_size": 16, "hidden_size": 353, "batch_size": 13}, "dist_matrix": {"latent_size": 16, "p": 0.23107368974111941, "max_iterations": 50, "autowarp_batch_size": 22, "lr": 0.00788274618078756}, "risk_matrix": {"C": -0.5780528917860356}}}, "Linear + CNN": {"volatility": {"autoencoder": {"latent_size": 17, "hidden_size": 396, "hidden_size2": 272, "batch_size": 26}, "dist_matrix": {"latent_size": 17, "p": 0.2592891000137109, "max_iterations": 50, "autowarp_batch_size": 26, "lr": 0.004965902930889097}, "risk_matrix": {"C": -0.5591489649227545}}, "sharpe": {"autoencoder": {"latent_size": 12, "hidden_size": 293, "hidden_size2": 205, "batch_size": 10}, "dist_matrix": {"latent_size": 12, "p": 0.4906269313620245, "max_iterations": 50, "autowarp_batch_size": 41, "lr": 0.007506983473197373}, "risk_matrix": {"C": -0.5105059725337752}}}}