{"Linear": {"autoencoder": {"latent_size": 43, "hidden_size": 169, "batch_size": 32}, "dist_matrix": {"latent_size": 43, "p": 0.48754338512957585, "max_iterations": 50, "autowarp_batch_size": 12, "lr": 0.004479542124430466}, "risk_matrix": {"C": -0.10074529824702515}}, "CNN": {"autoencoder": {"latent_size": 42, "hidden_size": 218, "batch_size": 33}, "dist_matrix": {"latent_size": 42, "p": 0.7706353015159977, "max_iterations": 50, "autowarp_batch_size": 30, "lr": 0.009963678281233252}, "risk_matrix": {"C": -0.19435678566697956}}, "Linear + CNN": {"autoencoder": {"latent_size": 47, "hidden_size": 216, "hidden_size2": 192, "batch_size": 22}, "dist_matrix": {"latent_size": 47, "p": 0.37582919981181107, "max_iterations": 50, "autowarp_batch_size": 19, "lr": 0.003745183185564778}, "risk_matrix": {"C": -0.4207708090225976}}}