{"Linear": {"autoencoder": {"latent_size": 28, "hidden_size": 192, "batch_size": 26}, "dist_matrix": {"latent_size": 28, "p": 0.763314982621478, "max_iterations": 25, "autowarp_batch_size": 25, "lr": 0.03238385502824511}, "risk_matrix": {"C": -0.3437209058440849}}, "CNN": {"autoencoder": {"latent_size": 27, "hidden_size": 157, "batch_size": 16}, "dist_matrix": {"latent_size": 27, "p": 0.5669324549954652, "max_iterations": 25, "autowarp_batch_size": 30, "lr": 0.049364997633898296}, "risk_matrix": {"C": -0.46900808822861795}}, "Linear + CNN": {"autoencoder": {"latent_size": 5, "hidden_size": 100, "hidden_size2": 22, "batch_size": 26}, "dist_matrix": {"latent_size": 5, "p": 0.7982003036678849, "max_iterations": 25, "autowarp_batch_size": 26, "lr": 0.02324623575490801}, "risk_matrix": {"C": -0.4399570684994769}}}