{"Linear": {"autoencoder": {"latent_size": 20, "hidden_size": 95, "batch_size": 10}, "dist_matrix": {"latent_size": 20, "p": 0.48176085623557113, "max_iterations": 25, "autowarp_batch_size": 25, "lr": 0.07713743145743886}, "risk_matrix": {"C": -0.118446722239416798}}, "CNN": {"autoencoder": {"latent_size": 5, "hidden_size": 111, "batch_size": 50}, "dist_matrix": {"latent_size": 5, "p": 0.7949648806116043, "max_iterations": 25, "autowarp_batch_size": 50, "lr": 0.03971686619964203}, "risk_matrix": {"C": -0.13497618457910623}}, "Linear + CNN": {"autoencoder": {"latent_size": 39, "hidden_size": 192, "hidden_size2": 92, "batch_size": 34}, "dist_matrix": {"latent_size": 39, "p": 0.6371642843759625, "max_iterations": 25, "autowarp_batch_size": 37, "lr": 0.0012992224798045525}, "risk_matrix": {"C": -0.16668529917203392}}}