{"Linear": {"autoencoder": {"latent_size": 39, "hidden_size": 194, "batch_size": 15}, "dist_matrix": {"latent_size": 39, "p": 0.3434431811760905, "max_iterations": 25, "autowarp_batch_size": 35, "lr": 0.05961249959666817}, "risk_matrix": {"C": -0.1035108400931590372}}, "CNN": {"autoencoder": {"latent_size": 38, "hidden_size": 109, "batch_size": 49}, "dist_matrix": {"latent_size": 38, "p": 0.21761620226405942, "max_iterations": 25, "autowarp_batch_size": 33, "lr": 0.007325216156495633}, "risk_matrix": {"C": -0.1012383399085794027}}, "Linear + CNN": {"autoencoder": {"latent_size": 22, "hidden_size": 84, "hidden_size2": 68, "batch_size": 22}, "dist_matrix": {"latent_size": 22, "p": 0.7445013062099295, "max_iterations": 25, "autowarp_batch_size": 33, "lr": 0.07448427099052143}, "risk_matrix": {"C": -0.277347160112721}}}