{"Linear": {"autoencoder": {"latent_size": 36, "hidden_size": 133, "batch_size": 22}, "dist_matrix": {"latent_size": 36, "p": 0.5484149403810812, "max_iterations": 50, "autowarp_batch_size": 43, "lr": 0.005965406653218399}, "risk_matrix": {"C": -0.10355154487521116}}, "CNN": {"autoencoder": {"latent_size": 11, "hidden_size": 183, "batch_size": 46}, "dist_matrix": {"latent_size": 11, "p": 0.6331217678490186, "max_iterations": 50, "autowarp_batch_size": 21, "lr": 0.009118915846790435}, "risk_matrix": {"C": -0.49132074293706435}}, "Linear + CNN": {"autoencoder": {"latent_size": 26, "hidden_size": 156, "hidden_size2": 120, "batch_size": 22}, "dist_matrix": {"latent_size": 26, "p": 0.5311255835230198, "max_iterations": 50, "autowarp_batch_size": 41, "lr": 0.0015704420298061805}, "risk_matrix": {"C": -0.19707823328578433}}}