{"Linear": {"autoencoder": {"latent_size": 9, "hidden_size": 54, "batch_size": 49}, "dist_matrix": {"latent_size": 9, "p": 0.7157167776481372, "max_iterations": 25, "autowarp_batch_size": 45, "lr": 0.005452933461488047}, "risk_matrix": {"C": -0.6990226430313503}}, "CNN": {"autoencoder": {"latent_size": 9, "hidden_size": 186, "batch_size": 26}, "dist_matrix": {"latent_size": 9, "p": 0.7986218216570015, "max_iterations": 25, "autowarp_batch_size": 45, "lr": 0.04826419142749258}, "risk_matrix": {"C": -0.8239549081222145}}, "Linear + CNN": {"autoencoder": {"latent_size": 11, "hidden_size": 48, "hidden_size2": 18, "batch_size": 32}, "dist_matrix": {"latent_size": 11, "p": 0.4526009147351795, "max_iterations": 25, "autowarp_batch_size": 21, "lr": 0.06243385120155552}, "risk_matrix": {"C": -0.38184665977458726}}}