{"Linear": {"autoencoder": {"latent_size": 32, "hidden_size": 121, "batch_size": 21}, "dist_matrix": {"latent_size": 32, "p": 0.39876280247300755, "max_iterations": 50, "autowarp_batch_size": 21, "lr": 0.008799968936977943}, "risk_matrix": {"C": -0.3927872480364883}}, "CNN": {"autoencoder": {"latent_size": 33, "hidden_size": 223, "batch_size": 12}, "dist_matrix": {"latent_size": 33, "p": 0.32145385940103005, "max_iterations": 50, "autowarp_batch_size": 48, "lr": 0.006672145901086129}, "risk_matrix": {"C": -0.4615757546514324}}, "Linear + CNN": {"autoencoder": {"latent_size": 16, "hidden_size": 71, "hidden_size2": 43, "batch_size": 22}, "dist_matrix": {"latent_size": 16, "p": 0.7866429902874634, "max_iterations": 50, "autowarp_batch_size": 33, "lr": 0.007704652821745102}, "risk_matrix": {"C": -0.3238325756711877}}}