{"Linear": {"autoencoder": {"latent_size": 48, "hidden_size": 189, "batch_size": 19}, "dist_matrix": {"latent_size": 48, "p": 0.35654656771437154, "max_iterations": 50, "autowarp_batch_size": 20, "lr": 0.006202350647678252}, "risk_matrix": {"C": -0.565457257294326}}, "CNN": {"autoencoder": {"latent_size": 5, "hidden_size": 230, "batch_size": 50}, "dist_matrix": {"latent_size": 5, "p": 0.4758762132586552, "max_iterations": 50, "autowarp_batch_size": 41, "lr": 0.005590033404195261}, "risk_matrix": {"C": -0.49371334028885516}}, "Linear + CNN": {"autoencoder": {"latent_size": 32, "hidden_size": 100, "hidden_size2": 65, "batch_size": 11}, "dist_matrix": {"latent_size": 32, "p": 0.6993260003647271, "max_iterations": 50, "autowarp_batch_size": 25, "lr": 0.0088169491173106}, "risk_matrix": {"C": -0.3935635858104393}}}