{"sharpe_ratios": {"Linear": 0.7692432214634237, "CNN": 1.3740467027704135, "Linear + CNN": 1.3585901344155356, "Covariance": 0.18532003803328106, "Covariance Shrinkage": 0.19187076139647216, "EW Covariance": 0.16675848515348643, "Fama-French": 0.27813291022089726, "HRP": 1.268478305390099, "S&P 500": 0.05936858800127855}, "num_stocks": {"Linear": 6, "CNN": 198, "Linear + CNN": 198, "Covariance": 8, "Covariance Shrinkage": 9, "EW Covariance": 7, "Fama-French": 10, "HRP": 198}, "max_drawdown": {"Linear": 0.1743702818939883, "CNN": 0.10098894629731743, "Linear + CNN": 0.10030064661214542, "Covariance": 0.1901546825077983, "Covariance Shrinkage": 0.18913949316285553, "EW Covariance": 0.19583022729281116, "Fama-French": 0.17432365441179673, "HRP": 0.10111003017920303, "S&P 500": 0.11905616767387517}}