{"sharpe_ratios": {"Linear": 1.0535560315066574, "CNN": 1.0464245665272391, "Linear + CNN": 1.165028311341676, "Covariance": 0.8739379060162531, "Covariance Shrinkage": 0.8814385698608441, "EW Covariance": 1.0384668755705306, "Fama-French": 0.5856963891897178, "HRP": 0.9248594697507139, "S&P 500": 0.06161923672093254}, "num_stocks": {"Linear": 171, "CNN": 172, "Linear + CNN": 11, "Covariance": 11, "Covariance Shrinkage": 13, "EW Covariance": 9, "Fama-French": 23, "HRP": 172}, "max_drawdown": {"Linear": 0.3082867256555689, "CNN": 0.3166063685262082, "Linear + CNN": 0.22272834286335225, "Covariance": 0.29396366173927907, "Covariance Shrinkage": 0.2936795147118391, "EW Covariance": 0.22501199519112913, "Fama-French": 0.3170046641468751, "HRP": 0.3120303843761692, "S&P 500": 0.2852031811628635}}