{"sharpe_ratios": {"Linear": 0.6945815909486707, "CNN": 1.0652796433995035, "Linear + CNN": 1.0655919405499015, "Covariance": 0.6493653399552288, "Covariance Shrinkage": 0.6455477168644055, "EW Covariance": 0.7542615176845242, "Fama-French": 0.4467311102745168, "HRP": 0.9266587947431494, "S&P 500": 0.06161923672093254}, "num_stocks": {"Linear": 25, "CNN": 199, "Linear + CNN": 199, "Covariance": 46, "Covariance Shrinkage": 46, "EW Covariance": 27, "Fama-French": 40, "HRP": 199}, "max_drawdown": {"Linear": 0.2804804509893146, "CNN": 0.31362046190878856, "Linear + CNN": 0.3134017536192789, "Covariance": 0.34005164971890733, "Covariance Shrinkage": 0.3365562539586298, "EW Covariance": 0.2463728070092385, "Fama-French": 0.31636462262459647, "HRP": 0.3087537627392009, "S&P 500": 0.2852031811628635}}