{"sharpe_ratios": {"Linear": 1.5787838936678729, "CNN": 1.1126851765852015, "Linear + CNN": 1.3013024590092195, "Covariance": 0.8915351267195755, "Covariance Shrinkage": 0.9014907712068899, "EW Covariance": 0.566180204736349, "Fama-French": 0.36397911122887755, "HRP": 1.2860531444018068, "S&P 500": 0.05936858800127855}, "num_stocks": {"Linear": 13, "CNN": 47, "Linear + CNN": 181, "Covariance": 22, "Covariance Shrinkage": 25, "EW Covariance": 17, "Fama-French": 20, "HRP": 181}, "max_drawdown": {"Linear": 0.14170743173534037, "CNN": 0.1271495708023878, "Linear + CNN": 0.10407780531489806, "Covariance": 0.08908961103647069, "Covariance Shrinkage": 0.08770739611758961, "EW Covariance": 0.08896552472949604, "Fama-French": 0.1016766558852609, "HRP": 0.09869205196941133, "S&P 500": 0.11905616767387517}}