{"sharpe_ratios": {"Linear": 1.358820356477885, "CNN": 1.3590468818940158, "Linear + CNN": 1.3590966613150441, "Covariance": 0.8750427533645349, "Covariance Shrinkage": 0.8805794492924309, "EW Covariance": 0.5447145347518499, "Fama-French": 0.36364651152941474, "HRP": 1.268478305390099, "S&P 500": 0.05936858800127855}, "num_stocks": {"Linear": 198, "CNN": 198, "Linear + CNN": 198, "Covariance": 24, "Covariance Shrinkage": 26, "EW Covariance": 16, "Fama-French": 20, "HRP": 198}, "max_drawdown": {"Linear": 0.1002423376855736, "CNN": 0.10003125053650228, "Linear + CNN": 0.10014493980864748, "Covariance": 0.0907633932259967, "Covariance Shrinkage": 0.08951232925829017, "EW Covariance": 0.09064486271395202, "Fama-French": 0.10167080090779079, "HRP": 0.10111003017920303, "S&P 500": 0.11905616767387517}}