{"sharpe_ratios": {"Linear": 0.30092033991068323, "CNN": 0.31617255665122534, "Linear + CNN": 0.6749489241341968, "Covariance": 0.5850034951277417, "Covariance Shrinkage": 0.5574058010799129, "EW Covariance": 0.37712858030939944, "Fama-French": 0.5713824877673678, "HRP": 0.6472737441974712, "S&P 500": 0.008903557646398916}, "num_stocks": {"Linear": 181, "CNN": 181, "Linear + CNN": 18, "Covariance": 7, "Covariance Shrinkage": 7, "EW Covariance": 8, "Fama-French": 6, "HRP": 181}, "max_drawdown": {"Linear": 0.18457634665760095, "CNN": 0.18627908604305324, "Linear + CNN": 0.25216674709519565, "Covariance": 0.215306936735837, "Covariance Shrinkage": 0.21890921034490146, "EW Covariance": 0.24950384910899784, "Fama-French": 0.21868432594826967, "HRP": 0.1556346675904642, "S&P 500": 0.23554172683365307}}