{"sharpe_ratios": {"Linear": 0.6209333620795991, "CNN": 0.3123948626430141, "Linear + CNN": 0.30844362540147885, "Covariance": 0.8458146339776605, "Covariance Shrinkage": 0.8757217484860346, "EW Covariance": 0.7171015761594248, "Fama-French": 0.9365307109103439, "HRP": 0.6382896001500661, "S&P 500": 0.008903557646398916}, "num_stocks": {"Linear": 39, "CNN": 181, "Linear + CNN": 165, "Covariance": 22, "Covariance Shrinkage": 24, "EW Covariance": 24, "Fama-French": 18, "HRP": 181}, "max_drawdown": {"Linear": 0.16740147216696286, "CNN": 0.18394351498625544, "Linear + CNN": 0.19095546762002422, "Covariance": 0.152225622712783, "Covariance Shrinkage": 0.15037450577858358, "EW Covariance": 0.15905232370627684, "Fama-French": 0.12948323306586462, "HRP": 0.15621142746049088, "S&P 500": 0.23554172683365307}}