{"sharpe_ratios": {"Linear": 1.3266497134170143, "CNN": 1.0386077520414125, "Linear + CNN": 0.942755794743284, "Covariance": 0.16249805828122735, "Covariance Shrinkage": 0.1702716929259024, "EW Covariance": 0.11827651301562685, "Fama-French": 0.27848530903967395, "HRP": 1.2887659199643693, "S&P 500": 0.05936858800127855}, "num_stocks": {"Linear": 181, "CNN": 14, "Linear + CNN": 9, "Covariance": 8, "Covariance Shrinkage": 9, "EW Covariance": 6, "Fama-French": 10, "HRP": 181}, "max_drawdown": {"Linear": 0.09787539376813349, "CNN": 0.16367821134788496, "Linear + CNN": 0.16786092082557888, "Covariance": 0.17520587921806247, "Covariance Shrinkage": 0.17361309744996054, "EW Covariance": 0.18874602187332393, "Fama-French": 0.15915470411482482, "HRP": 0.09877765775287813, "S&P 500": 0.11905616767387517}}