{"sharpe_ratios": {"Linear": -0.09068046501006863, "CNN": -0.1120895697857264, "Linear + CNN": -0.034648802262642026, "Covariance": 0.10425187804624728, "Covariance Shrinkage": 0.12193775296221242, "EW Covariance": -0.232522533835631, "Fama-French": 0.2545576955494349, "HRP": -0.14995224904747542, "S&P 500": -0.031195382103491275}, "num_stocks": {"Linear": 89, "CNN": 187, "Linear + CNN": 10, "Covariance": 23, "Covariance Shrinkage": 26, "EW Covariance": 33, "Fama-French": 21, "HRP": 187}, "max_drawdown": {"Linear": 0.22744328542022052, "CNN": 0.20179198317462896, "Linear + CNN": 0.1715863036042718, "Covariance": 0.15036871822460185, "Covariance Shrinkage": 0.14888138037518106, "EW Covariance": 0.15518397012550753, "Fama-French": 0.12377506610729065, "HRP": 0.17140515587317603, "S&P 500": 0.254250966192304}}