{"sharpe_ratios": {"Linear": 0.4195816293358889, "CNN": 0.32522704333141794, "Linear + CNN": 0.3243548667962835, "Covariance": 0.5971092531860955, "Covariance Shrinkage": 0.5748505547298821, "EW Covariance": 0.38626146025134794, "Fama-French": 0.5613786032044742, "HRP": 0.567241780633406, "S&P 500": 0.008903557646398916}, "num_stocks": {"Linear": 56, "CNN": 197, "Linear + CNN": 197, "Covariance": 9, "Covariance Shrinkage": 9, "EW Covariance": 10, "Fama-French": 7, "HRP": 197}, "max_drawdown": {"Linear": 0.2161768840216213, "CNN": 0.19147892839911654, "Linear + CNN": 0.19160523393218368, "Covariance": 0.21883103833584663, "Covariance Shrinkage": 0.2251368038058024, "EW Covariance": 0.2638340181860351, "Fama-French": 0.2230521538328695, "HRP": 0.16467939183223929, "S&P 500": 0.23554172683365307}}