{"sharpe_ratios": {"Linear": -0.42454993370487476, "CNN": -0.04772537176196806, "Linear + CNN": -0.03694018693723348, "Covariance": -0.3546967697595779, "Covariance Shrinkage": -0.3311981901201834, "EW Covariance": -0.1494202766321812, "Fama-French": -0.36497738067328095, "HRP": -0.03193366058983222, "S&P 500": -0.031195382103491275}, "num_stocks": {"Linear": 6, "CNN": 196, "Linear + CNN": 196, "Covariance": 8, "Covariance Shrinkage": 8, "EW Covariance": 14, "Fama-French": 8, "HRP": 196}, "max_drawdown": {"Linear": 0.26116478425838585, "CNN": 0.19304976962728176, "Linear + CNN": 0.19242716869095378, "Covariance": 0.21149527109331742, "Covariance Shrinkage": 0.20624228810173303, "EW Covariance": 0.189647444246948, "Fama-French": 0.21177233066323156, "HRP": 0.15831809653655696, "S&P 500": 0.254250966192304}}