{"sharpe_ratios": {"Linear": 0.8242785410389958, "CNN": 0.32551370575250105, "Linear + CNN": 0.3241523085863746, "Covariance": 0.8049372913644783, "Covariance Shrinkage": 0.8337097330487527, "EW Covariance": 0.7012555270149021, "Fama-French": 0.8889404428479089, "HRP": 0.567241780633406, "S&P 500": 0.008903557646398916}, "num_stocks": {"Linear": 17, "CNN": 197, "Linear + CNN": 197, "Covariance": 23, "Covariance Shrinkage": 25, "EW Covariance": 24, "Fama-French": 18, "HRP": 197}, "max_drawdown": {"Linear": 0.21199566291047417, "CNN": 0.1914248815558454, "Linear + CNN": 0.19166651072194849, "Covariance": 0.15437036198090362, "Covariance Shrinkage": 0.15242626695483505, "EW Covariance": 0.1601820624571158, "Fama-French": 0.1322835470052094, "HRP": 0.16467939183223929, "S&P 500": 0.23554172683365307}}