{"sharpe_ratios": {"Linear": 1.0525806711300594, "CNN": 1.0454520745688032, "Linear + CNN": 1.0467687022913221, "Covariance": 0.7143868293391353, "Covariance Shrinkage": 0.7075721581298565, "EW Covariance": 0.8314464572849957, "Fama-French": 0.5095498959455681, "HRP": 0.9248594922829533, "S&P 500": 0.06161923672093254}, "num_stocks": {"Linear": 172, "CNN": 172, "Linear + CNN": 172, "Covariance": 47, "Covariance Shrinkage": 48, "EW Covariance": 26, "Fama-French": 38, "HRP": 172}, "max_drawdown": {"Linear": 0.31450146466725826, "CNN": 0.317272099267144, "Linear + CNN": 0.317598598553866, "Covariance": 0.326506136651923, "Covariance Shrinkage": 0.32439254371734494, "EW Covariance": 0.23332559916841789, "Fama-French": 0.309085925196188, "HRP": 0.3120303862126409, "S&P 500": 0.2852031811628635}}