{"sharpe_ratios": {"Linear": -0.4245500993690945, "CNN": -0.04772537737181833, "Linear + CNN": -0.03694019127073597, "Covariance": -0.35469701713669705, "Covariance Shrinkage": -0.3311984283586269, "EW Covariance": -0.1494282569739346, "Fama-French": -0.36497763889549706, "HRP": -0.031933663057304336, "S&P 500": -0.031195382103491275}, "num_stocks": {"Linear": 6, "CNN": 196, "Linear + CNN": 196, "Covariance": 8, "Covariance Shrinkage": 8, "EW Covariance": 14, "Fama-French": 8, "HRP": 196}, "max_drawdown": {"Linear": 0.2611647703653311, "CNN": 0.19304977668951923, "Linear + CNN": 0.1924271756082913, "Covariance": 0.21149527277827432, "Covariance Shrinkage": 0.20624228674715522, "EW Covariance": 0.18964934514678108, "Fama-French": 0.21177233243764654, "HRP": 0.15831810330963805, "S&P 500": 0.254250966192304}}