{"sharpe_ratios": {"Linear": 0.3468148795848604, "CNN": -0.03545548462100095, "Linear + CNN": -0.03564217722657796, "Covariance": 0.22221262898483318, "Covariance Shrinkage": 0.23987569289709126, "EW Covariance": -0.15414064164202898, "Fama-French": 0.37399665148858596, "HRP": -0.03193366119412083, "S&P 500": -0.031195382103491275}, "num_stocks": {"Linear": 15, "CNN": 196, "Linear + CNN": 196, "Covariance": 24, "Covariance Shrinkage": 27, "EW Covariance": 34, "Fama-French": 21, "HRP": 196}, "max_drawdown": {"Linear": 0.17233458139105517, "CNN": 0.19269957859045334, "Linear + CNN": 0.19288187544174556, "Covariance": 0.14616781656948852, "Covariance Shrinkage": 0.14474460832305788, "EW Covariance": 0.1459509098060693, "Fama-French": 0.12114740434012697, "HRP": 0.15831810379635977, "S&P 500": 0.254250966192304}}