{"sharpe_ratios": {"Linear": -0.37982137823278694, "CNN": -0.1233324922520767, "Linear + CNN": -0.11458698945357454, "Covariance": -0.41037798941745646, "Covariance Shrinkage": -0.3907360164371822, "EW Covariance": -0.22513620322927508, "Fama-French": -0.40406345953648326, "HRP": -0.14995224904747542, "S&P 500": -0.031195382103491275}, "num_stocks": {"Linear": 6, "CNN": 187, "Linear + CNN": 187, "Covariance": 7, "Covariance Shrinkage": 8, "EW Covariance": 13, "Fama-French": 7, "HRP": 187}, "max_drawdown": {"Linear": 0.2724145253451625, "CNN": 0.20435325683041178, "Linear + CNN": 0.20594781435229467, "Covariance": 0.21061757115320745, "Covariance Shrinkage": 0.20533795480502737, "EW Covariance": 0.19367513093113994, "Fama-French": 0.21392097710600982, "HRP": 0.17140515587317603, "S&P 500": 0.254250966192304}}