{"sharpe_ratios": {"Linear": 0.34681492323073837, "CNN": -0.03545549653796614, "Linear + CNN": -0.03564218921489556, "Covariance": 0.22220290939918086, "Covariance Shrinkage": 0.23985915992223808, "EW Covariance": -0.15414070143928052, "Fama-French": 0.37399660601834533, "HRP": -0.03193367658189511, "S&P 500": -0.031195382103491275}, "num_stocks": {"Linear": 15, "CNN": 196, "Linear + CNN": 196, "Covariance": 24, "Covariance Shrinkage": 27, "EW Covariance": 34, "Fama-French": 21, "HRP": 196}, "max_drawdown": {"Linear": 0.1723345955870139, "CNN": 0.1926995764831035, "Linear + CNN": 0.19288187331824358, "Covariance": 0.14616893841630377, "Covariance Shrinkage": 0.1447449604308938, "EW Covariance": 0.14595090886340664, "Fama-French": 0.12114737577096577, "HRP": 0.158318102601126, "S&P 500": 0.254250966192304}}