{"sharpe_ratios": {"Linear": 1.1954456167676502, "CNN": 1.062147898851931, "Linear + CNN": 1.0624009907925775, "Covariance": 0.9030908415723327, "Covariance Shrinkage": 0.9109500867320084, "EW Covariance": 1.0138354569554053, "Fama-French": 0.6054643163496318, "HRP": 0.9266587947431494, "S&P 500": 0.06161923672093254}, "num_stocks": {"Linear": 25, "CNN": 199, "Linear + CNN": 199, "Covariance": 12, "Covariance Shrinkage": 12, "EW Covariance": 9, "Fama-French": 21, "HRP": 199}, "max_drawdown": {"Linear": 0.2647563830506747, "CNN": 0.3134665731466228, "Linear + CNN": 0.3125663043137994, "Covariance": 0.31903466871824626, "Covariance Shrinkage": 0.3188825297119646, "EW Covariance": 0.2826377225683655, "Fama-French": 0.3272637177449891, "HRP": 0.3087537627392009, "S&P 500": 0.2852031811628635}}